UUID,Name,Email,Role
acbd5e1f-cbb7-40d9-bf5c-b20f188800e9,Cassandra Barron,melvin42@example.net,Moderator
597c8dce-2174-46e3-a2c6-8c52718c03f8,Sarah Winters,walkerandrew@example.net,SuperUser
b572e985-d96a-4d00-bb90-2edfcc3db313,Jennifer Maynard,ydougherty@example.net,SuperUser
0fac20be-a012-4b50-8b2b-3d74660bd11b,Virginia Ware,james94@example.com,User
1915d85a-fe89-4eae-8cc4-96c5629161aa,Matthew Moreno,cstokes@example.org,User
20715576-ec98-471e-ac02-4d968d19e22a,Andrew Mendoza,richardnelson@example.net,Moderator
47c1d4f2-713d-4693-8b08-e53189842f4e,Rebecca Bush,daniellecontreras@example.net,User
ff4e9417-3dd0-4f40-9b16-f8c2310040ac,Judith Mills,jgarcia@example.com,User
006ec00b-8971-49f2-971a-4ea234a61249,Anita Armstrong,rodriguezsarah@example.com,User
e8d36e59-384c-4f23-9c98-b7ce51d6611e,Andrea Estrada,barias@example.net,Moderator
aa668734-fe00-431d-94f4-cfd7dfe34a2e,Carrie Chen,woodsveronica@example.org,Moderator
71d1049e-e0fe-4089-a7d3-db3c06b0bf9b,Peter Valdez,michaeltaylor@example.org,Moderator
1e7c3d1b-2732-4ff7-88d3-164281b3469c,Rebecca Higgins,ncampbell@example.net,SuperUser
38781405-c3e7-464d-b15f-421d7c4c09ca,Kevin Rice,cantrellemily@example.com,Moderator
a4bf0f54-dd12-4a14-9a27-5533bac163e6,Bradley Webb,norman84@example.org,User
5a5c2d51-ffae-45f9-afb3-65ac478c4067,Lauren Clayton,lopezashley@example.org,Moderator
b17edc8f-326c-4dc4-8d04-17757c374a24,John Hunter,iroberts@example.com,SuperUser
4e4ed240-b945-4497-895a-cbe80f263153,Paula Wilson,thomaskevin@example.net,SuperUser
feabbbf0-2613-4b84-887f-6e4c30da15d3,Sabrina Knox,christopher18@example.org,User
1823e57d-41bd-4f85-9611-e01c1698ac31,Michelle Davis,jessicawhite@example.org,Moderator
ce33b78c-1a43-4e62-9522-238dd103f3c7,Jennifer Bates,pwilliams@example.org,SuperUser
6245c37e-6a4c-49d7-af37-a289483e1cf1,Justin Reed,russellteresa@example.net,User
6fe7f6dc-4f60-46fa-aa48-c59857be9d24,Megan Chung,holly85@example.org,SuperUser
8916660f-53da-4713-abda-6824ba4f7f96,Roger Hughes,timothymatthews@example.com,SuperUser
8efedec7-2fe7-4b86-937e-ba8c21b3c8b8,Dr. Katherine Brown PhD,troy82@example.org,User
a627dc41-2283-40e2-9e8c-261c0767552d,David Moore,carla94@example.org,User
edac9c72-56a1-4de2-b76d-9b7f997dbfd3,Natalie Woodard,sgreen@example.net,User
e0ce4ade-b078-4a92-9ba9-20184ad8a19a,Mark Soto,kenneth42@example.net,Moderator
32584c8f-3512-46cb-864e-091ffc976d33,Joseph Johnson,sgonzales@example.com,User
d25c1be2-d79e-4012-8c3a-b4514950cc39,Aaron Wallace MD,zwinters@example.net,User
bbda2086-374b-44b6-8ee6-559773ec67e4,Rebecca Espinoza,nicholasjohnson@example.org,Moderator
13f1f12e-13f8-4113-8a74-b303bd501701,Kevin Salinas,dianesaunders@example.net,User
a781bc5e-c14a-4c7d-80bc-3a60ef41fa39,William Schneider,mercadoruben@example.net,User
52b86221-76de-4d62-81c9-a488a2508835,Nathaniel Duncan,colemartin@example.net,Moderator
237ddb9e-b87f-4b38-a3f0-acc2cfad14a5,Jennifer Watkins,caitlin84@example.com,SuperUser
349162d0-ce9c-4468-8894-0025e2cb94ad,Deborah Lawrence,johnny03@example.org,Moderator
756abcb4-d3d2-4da5-b9ab-1cd5749494e4,Brian Barr,zsloan@example.org,Moderator
c7a3d735-f5c7-406c-b3d2-bf5abcfa6957,Justin Rodriguez,kathleensmith@example.org,Moderator
d5517cfb-56dc-42b7-b412-0897dcc38615,Megan Adams,denise27@example.com,Moderator
fbbf18f3-601a-48b3-81ef-e48f4eedff3f,James Moon,brandon42@example.com,User
115c86e8-7d8b-45ff-895e-b529174f2561,Susan Jones,shanecarter@example.com,User
fcdfb8e2-b087-47ff-a6dd-f929e0785a5a,Brenda Horton,jbanks@example.org,SuperUser
dcb2580a-1872-4b6a-b447-16f04af57b13,Marc Jones,bwright@example.org,SuperUser
72a84df6-34cc-413f-a238-4b2355495875,Courtney Lopez,kimberlyschneider@example.org,User
5ef03b85-528a-4d89-a7dd-d68e16158ebd,Felicia Schaefer,bradymyers@example.com,Moderator
f0903060-30c9-47ae-af15-96bcef027643,Janet Wilson,jwatson@example.com,User
9f6a77b5-8987-4647-ab24-00ee349e5ca7,Jason Hardy,richardsonjason@example.com,User
be9ed29d-d332-4cfb-b0c8-c6c2fcedab1e,Philip Cabrera,mrodriguez@example.net,User
4ea5491b-49db-4e46-9732-bd4802a4dfff,Daniel Russo,ilopez@example.org,User
4d2af7e0-79df-477b-8926-aa766aff43be,Cathy White,millerjimmy@example.com,SuperUser
96d16031-8692-4005-bd81-8f88cffa00e9,Jason Case,williamsonvanessa@example.org,User
6f099f94-bf28-472e-9873-27a70bd826fe,Scott Farley,wesley97@example.org,SuperUser
f56e4d75-7102-4010-8491-ac231638db8a,Joshua Price,marybryant@example.com,SuperUser
a8756586-c641-4566-9ff7-4b121b80d50d,Elizabeth Lawson,rmay@example.org,User
8ce0c0b5-2c14-4ce3-baa2-78e2aea5f2f1,Mitchell Bean,mollydavid@example.org,User
601026d3-5550-47b3-bf47-e11e31d59293,Christopher Leon,david60@example.org,SuperUser
f1242715-aeaa-4065-8e45-b3bccd6c6adf,Cassie Trujillo,michellebentley@example.org,SuperUser
0604a70f-6fb6-443a-b328-eff90af2cfcb,Shannon Torres,julie36@example.org,User
2938a78b-e8c1-4c4a-b719-e06ad226b67a,Travis Bauer,robert18@example.org,User
0b77f109-9108-4774-9b08-707b311e1738,Dillon Townsend,darrell70@example.org,SuperUser
bbc8a0a2-3c73-4958-8fb3-2d4471588084,Cynthia Stewart,andrew23@example.org,User
3e775af4-b673-4e86-8b72-c191ba21ee1c,Hunter Davis,dana28@example.org,SuperUser
7ea35347-be89-4058-a957-663a148376a4,Christina Martin,guzmandonna@example.org,Moderator
78a15d49-fd86-4987-a593-81982927e3c8,Edward Ross,qbradley@example.com,Moderator
7e0e4228-f4f5-4f01-89a5-33f7c8864785,Nicholas Erickson Jr.,stephanie08@example.org,SuperUser
7fcd024b-b186-4cf3-9e89-309f8ca5f02f,Robert Brock,elizabeth85@example.com,Moderator
aa5a07e3-7089-460c-ad58-196ed9d95908,Shelley Foley,chelsea51@example.com,Moderator
eb975698-4132-43de-841e-ffaf64c80bfd,Anna King,kwagner@example.net,User
1ab8dfc4-38ba-45b1-a489-69b9873ccad6,Catherine Byrd,robinjohnson@example.com,SuperUser
54b55d29-5f08-4733-aa67-47d289c42335,Tonya Moore,tgarcia@example.org,SuperUser
a644debd-c83d-4e22-ac28-a6a0de3311fb,David Cohen,tracysimpson@example.net,User
901c5938-d433-4d75-9bb2-a1a14e5466b2,Nicole Bradley,paulchambers@example.net,User
074e4c94-ef4d-4c11-9906-f663fce0dbc5,Elizabeth Zamora,megan71@example.org,SuperUser
5ca24050-d54c-4038-a5b6-38e127f9211b,Michelle Kelly,samanthagray@example.com,Moderator
1d623849-35b1-4d0c-a560-b68aa358b5f7,Mark Campbell,christopher59@example.net,User
65fb4e36-eab6-4199-8fec-affbcdbfea09,Emily Kirk,johnsonjoseph@example.net,Moderator
0db2a2f9-00f0-4cca-abbc-ad7851d27a85,Richard Johnson,gweiss@example.org,User
2fb48dff-1e99-4ac3-90dd-4976420837a7,Erik Lee,tannerjeanette@example.com,User
e5c72fbf-cf7c-4e4f-a65e-e30da42e6cdf,Eric Atkins,grahamnicholas@example.net,SuperUser
23efcf82-3621-42f2-9600-d9ced2cd78d0,Caroline Hall,penastephanie@example.com,User
8386de2e-2e03-4048-82da-d4b4aced2144,Jillian Thomas,rodney37@example.net,SuperUser
0e698658-8af1-4a19-9e50-6361fc4a9d00,Phillip Wade,josephdavies@example.org,User
8909d4cf-f8ed-4b79-a8ef-2051ce5ab0d0,Jamie Mercer,wagnerheather@example.net,SuperUser
30807adf-7a9f-4423-8297-8c718e589112,Stacy Evans,richard29@example.net,SuperUser
eea432d5-8491-4121-a5c0-fd66bfc642ac,Erin Lambert,rickylynch@example.net,SuperUser
f1e57ea4-571b-401c-8ae6-dbbd9879707c,Nathan Williams,michaelcarlson@example.com,SuperUser
4004c551-2951-46e0-a0dc-bf0491b5bf5f,Jonathan Burton,xwalters@example.org,User
ea489c86-0891-480f-a8f3-6533e1d6d632,Mark Smith,michaelrojas@example.org,User
69303e85-7535-454d-9ab8-15c156967957,Mario Kelly,kevinmendoza@example.org,User
bbb4b7bf-fe70-4cd0-ac28-afd8ea023d96,Amanda Garcia,brian21@example.com,Moderator
7b252eaa-7dd0-4c5c-b3ab-65d85ecc7f8a,Sydney Moon,juliebriggs@example.com,Moderator
cf740c4b-d329-48b9-bf75-ec69305b4649,Mr. Eric Lawson,steven20@example.com,User
956d8e1f-3830-4769-aff2-58aee8b6d87b,Alan Small,rochaanthony@example.net,User
059920ec-94a7-4275-814b-6b2f8501cb4b,Tonya Harris,johnny80@example.org,User
e78b0435-0585-4b39-9bd1-3ade07af7df3,Dr. Larry Velazquez,sandra06@example.net,User
851ef3bd-a69d-470e-94c7-3d7014ba703c,Nicole Romero,carla34@example.com,SuperUser
913b8953-a4f7-4b85-af56-ca3684692beb,Robin Martin,lmartinez@example.com,User
5cb8bc9d-6b2a-4454-91c9-5ea2bcbabf32,Jennifer Chan,michael30@example.net,User
44cd260b-7e12-4333-9d65-ed2d733a0159,Kristen Nicholson,stacy58@example.org,SuperUser
72249049-fe7b-478c-a61f-ae930723af7c,Brandon Cruz,hansontimothy@example.net,Moderator
